# _tick,_time,frames,mean_episode_return_landlord,loss_landlord,mean_episode_return_landlord_up,loss_landlord_up,mean_episode_return_landlord_down,loss_landlord_down
0,1668486635.1967313,0,-0.6394557952880859,1.7726287841796875,0,0,0,0
1,1668486635.3118896,3200,-0.6394557952880859,1.7726287841796875,0,0,0.6351351141929626,1.6902624368667603
2,1668486635.3929944,6400,-0.6394557952880859,1.7726287841796875,0.6466666460037231,1.7498594522476196,0.6351351141929626,1.6902624368667603
3,1668486640.1046479,9600,-0.7659304141998291,1.693513035774231,0.6466666460037231,1.7498594522476196,0.6351351141929626,1.6902624368667603
4,1668486640.1131356,12800,-0.7659304141998291,1.693513035774231,0.6466666460037231,1.7498594522476196,0.7672531008720398,1.697556495666504
5,1668486640.1166508,16000,-0.7659304141998291,1.693513035774231,0.7698742151260376,1.7538306713104248,0.7672531008720398,1.697556495666504
6,1668486645.0956206,19200,-0.8806028366088867,1.5856475830078125,0.7698742151260376,1.7538306713104248,0.7672531008720398,1.697556495666504
7,1668486645.1529398,22400,-0.8806028366088867,1.5856475830078125,0.7698742151260376,1.7538306713104248,0.9006817936897278,1.4733272790908813
8,1668486645.351091,25600,-0.8806028366088867,1.5856475830078125,0.9032838344573975,1.6152108907699585,0.9006817936897278,1.4733272790908813
9,1668486649.4557085,28800,-0.972356915473938,1.0296310186386108,0.9032838344573975,1.6152108907699585,0.9006817936897278,1.4733272790908813
10,1668486649.6029086,32000,-0.972356915473938,1.0296310186386108,0.9032838344573975,1.6152108907699585,0.9748071432113647,1.1438943147659302
11,1668486649.7707098,35200,-0.972356915473938,1.0296310186386108,0.9760739803314209,1.2892128229141235,0.9748071432113647,1.1438943147659302
12,1668486654.344876,38400,-1.0370521545410156,0.5242019891738892,0.9760739803314209,1.2892128229141235,0.9748071432113647,1.1438943147659302
13,1668486654.4548585,41600,-1.0370521545410156,0.5242019891738892,0.9760739803314209,1.2892128229141235,1.0379369258880615,0.5654670000076294
14,1668486654.7517815,44800,-1.0370521545410156,0.5242019891738892,1.0393956899642944,0.5780551433563232,1.0379369258880615,0.5654670000076294
15,1668486658.7430942,48000,-1.0921416282653809,0.6951316595077515,1.0393956899642944,0.5780551433563232,1.0379369258880615,0.5654670000076294
16,1668486658.8440928,51200,-1.0921416282653809,0.6951316595077515,1.0393956899642944,0.5780551433563232,1.0944448709487915,0.8093699812889099
17,1668486659.2390976,54400,-1.0921416282653809,0.6951316595077515,1.0963835716247559,0.7561444044113159,1.0944448709487915,0.8093699812889099
18,1668486663.2427385,57600,-1.1350587606430054,1.1300902366638184,1.0963835716247559,0.7561444044113159,1.0944448709487915,0.8093699812889099
19,1668486663.348562,60800,-1.1350587606430054,1.1300902366638184,1.0963835716247559,0.7561444044113159,1.1399846076965332,1.1873717308044434
20,1668486663.8003356,64000,-1.1350587606430054,1.1300902366638184,1.142764925956726,1.1921497583389282,1.1399846076965332,1.1873717308044434
21,1668486668.1473637,67200,-1.1695598363876343,0.5359002947807312,1.142764925956726,1.1921497583389282,1.1399846076965332,1.1873717308044434
22,1668486668.2149994,70400,-1.1695598363876343,0.5359002947807312,1.142764925956726,1.1921497583389282,1.1712069511413574,0.5391263365745544
23,1668486668.681684,73600,-1.1695598363876343,0.5359002947807312,1.1705074310302734,0.4706922173500061,1.1712069511413574,0.5391263365745544
24,1668486672.6934528,76800,-1.186744213104248,0.33722546696662903,1.1705074310302734,0.4706922173500061,1.1712069511413574,0.5391263365745544
25,1668486672.7461114,80000,-1.186744213104248,0.33722546696662903,1.1705074310302734,0.4706922173500061,1.1882082223892212,0.36439141631126404
26,1668486673.3083014,83200,-1.186744213104248,0.33722546696662903,1.1907780170440674,0.36709877848625183,1.1882082223892212,0.36439141631126404
27,1668486677.4591389,86400,-1.210317850112915,0.6740053296089172,1.1907780170440674,0.36709877848625183,1.1882082223892212,0.36439141631126404
28,1668486677.592659,89600,-1.210317850112915,0.6740053296089172,1.1907780170440674,0.36709877848625183,1.2115750312805176,0.6334764361381531
29,1668486678.1848955,92800,-1.210317850112915,0.6740053296089172,1.2124693393707275,0.7393758893013,1.2115750312805176,0.6334764361381531
30,1668486681.9652505,96000,-1.2253798246383667,0.42699530720710754,1.2124693393707275,0.7393758893013,1.2115750312805176,0.6334764361381531
31,1668486682.065336,99200,-1.2253798246383667,0.42699530720710754,1.2124693393707275,0.7393758893013,1.2267488241195679,0.42136767506599426
32,1668486682.6631327,102400,-1.2253798246383667,0.42699530720710754,1.2292345762252808,0.34003081917762756,1.2267488241195679,0.42136767506599426
33,1668486686.6148732,105600,-1.2365460395812988,0.4425482153892517,1.2292345762252808,0.34003081917762756,1.2267488241195679,0.42136767506599426
34,1668486686.7279565,108800,-1.2365460395812988,0.4425482153892517,1.2292345762252808,0.34003081917762756,1.2373601198196411,0.44955265522003174
35,1668486687.2807257,112000,-1.2365460395812988,0.4425482153892517,1.2410563230514526,0.47939732670783997,1.2373601198196411,0.44955265522003174
36,1668486691.259713,115200,-1.2514450550079346,0.39518851041793823,1.2410563230514526,0.47939732670783997,1.2373601198196411,0.44955265522003174
37,1668486691.4758148,118400,-1.2514450550079346,0.39518851041793823,1.2410563230514526,0.47939732670783997,1.2532565593719482,0.4208439290523529
38,1668486692.0866017,121600,-1.2514450550079346,0.39518851041793823,1.25387442111969,0.3614225387573242,1.2532565593719482,0.4208439290523529
39,1668486695.7581139,124800,-1.2603057622909546,0.3912508487701416,1.25387442111969,0.3614225387573242,1.2532565593719482,0.4208439290523529
40,1668486696.0200076,128000,-1.2603057622909546,0.3912508487701416,1.25387442111969,0.3614225387573242,1.2614233493804932,0.4161332845687866
41,1668486696.6656492,131200,-1.2603057622909546,0.3912508487701416,1.2610323429107666,0.37322166562080383,1.2614233493804932,0.4161332845687866
42,1668486700.5901132,134400,-1.2684016227722168,0.33899062871932983,1.2610323429107666,0.37322166562080383,1.2614233493804932,0.4161332845687866
43,1668486700.698049,137600,-1.2684016227722168,0.33899062871932983,1.2610323429107666,0.37322166562080383,1.269378662109375,0.3519282639026642
44,1668486701.5443652,140800,-1.2684016227722168,0.33899062871932983,1.271846055984497,0.41247570514678955,1.269378662109375,0.3519282639026642
45,1668486705.0776186,144000,-1.2810685634613037,0.45654457807540894,1.271846055984497,0.41247570514678955,1.269378662109375,0.3519282639026642
46,1668486705.3081374,147200,-1.2810685634613037,0.45654457807540894,1.271846055984497,0.41247570514678955,1.2817432880401611,0.47595319151878357
47,1668486706.1683524,150400,-1.2810685634613037,0.45654457807540894,1.2849669456481934,0.5148111581802368,1.2817432880401611,0.47595319151878357
48,1668486709.8662925,153600,-1.2885446548461914,0.392296701669693,1.2849669456481934,0.5148111581802368,1.2817432880401611,0.47595319151878357
49,1668486709.9807,156800,-1.2885446548461914,0.392296701669693,1.2849669456481934,0.5148111581802368,1.2893341779708862,0.438949853181839
50,1668486710.9206083,160000,-1.2885446548461914,0.392296701669693,1.2891615629196167,0.32548508048057556,1.2893341779708862,0.438949853181839
51,1668486714.6473038,163200,-1.2925238609313965,0.511110246181488,1.2891615629196167,0.32548508048057556,1.2893341779708862,0.438949853181839
52,1668486714.6956685,166400,-1.2925238609313965,0.511110246181488,1.2891615629196167,0.32548508048057556,1.2944130897521973,0.5785043239593506
53,1668486715.6349454,169600,-1.2925238609313965,0.511110246181488,1.2978402376174927,0.6703447103500366,1.2944130897521973,0.5785043239593506
54,1668486719.1588209,172800,-1.3036630153656006,0.47770294547080994,1.2978402376174927,0.6703447103500366,1.2944130897521973,0.5785043239593506
55,1668486719.2806618,176000,-1.3036630153656006,0.47770294547080994,1.2978402376174927,0.6703447103500366,1.3043488264083862,0.4258345365524292
56,1668486720.167521,179200,-1.3036630153656006,0.47770294547080994,1.3100281953811646,0.5515374541282654,1.3043488264083862,0.4258345365524292
57,1668486723.8770013,182400,-1.3147403001785278,0.5285844802856445,1.3100281953811646,0.5515374541282654,1.3043488264083862,0.4258345365524292
58,1668486723.9311273,185600,-1.3147403001785278,0.5285844802856445,1.3100281953811646,0.5515374541282654,1.3153918981552124,0.5287683010101318
59,1668486725.102162,188800,-1.3147403001785278,0.5285844802856445,1.315187931060791,0.5554679036140442,1.3153918981552124,0.5287683010101318
60,1668486728.5236511,192000,-1.3235621452331543,0.8110958337783813,1.315187931060791,0.5554679036140442,1.3153918981552124,0.5287683010101318
61,1668486728.6249588,195200,-1.3235621452331543,0.8110958337783813,1.315187931060791,0.5554679036140442,1.3240822553634644,0.8407219052314758
62,1668486729.7263336,198400,-1.3235621452331543,0.8110958337783813,1.3248851299285889,0.7790451645851135,1.3240822553634644,0.8407219052314758
63,1668486733.3691347,201600,-1.3269985914230347,0.6771572828292847,1.3248851299285889,0.7790451645851135,1.3240822553634644,0.8407219052314758
64,1668486733.4990542,204800,-1.3269985914230347,0.6771572828292847,1.3248851299285889,0.7790451645851135,1.3276091814041138,0.6130056977272034
65,1668486734.5227795,208000,-1.3269985914230347,0.6771572828292847,1.3283754587173462,0.572698175907135,1.3276091814041138,0.6130056977272034
66,1668486737.9229498,211200,-1.3335498571395874,0.6197792291641235,1.3283754587173462,0.572698175907135,1.3276091814041138,0.6130056977272034
67,1668486738.159346,214400,-1.3335498571395874,0.6197792291641235,1.3283754587173462,0.572698175907135,1.3346213102340698,0.5391775369644165
68,1668486739.274298,217600,-1.3335498571395874,0.6197792291641235,1.336507797241211,0.6167973875999451,1.3346213102340698,0.5391775369644165
69,1668486742.5701468,220800,-1.3392301797866821,0.6086072325706482,1.336507797241211,0.6167973875999451,1.3346213102340698,0.5391775369644165
70,1668486742.7017908,224000,-1.3392301797866821,0.6086072325706482,1.336507797241211,0.6167973875999451,1.339909553527832,0.5927388668060303
71,1668486743.9203155,227200,-1.3392301797866821,0.6086072325706482,1.3402031660079956,0.6163280010223389,1.339909553527832,0.5927388668060303
72,1668486747.3554914,230400,-1.3392301797866821,0.6086072325706482,1.3402031660079956,0.6163280010223389,1.3436747789382935,0.4805949032306671
73,1668486747.3564951,233600,-1.343267798423767,0.47774428129196167,1.3402031660079956,0.6163280010223389,1.3436747789382935,0.4805949032306671
74,1668486748.693844,236800,-1.343267798423767,0.47774428129196167,1.3449499607086182,0.9073156714439392,1.3436747789382935,0.4805949032306671
75,1668486752.3893619,240000,-1.348068356513977,0.7080814242362976,1.3449499607086182,0.9073156714439392,1.3436747789382935,0.4805949032306671
76,1668486752.5125139,243200,-1.348068356513977,0.7080814242362976,1.3449499607086182,0.9073156714439392,1.348536729812622,0.7106801867485046
77,1668486753.7983198,246400,-1.348068356513977,0.7080814242362976,1.3496962785720825,0.3767114579677582,1.348536729812622,0.7106801867485046
78,1668486757.2318633,249600,-1.3509137630462646,0.34803783893585205,1.3496962785720825,0.3767114579677582,1.348536729812622,0.7106801867485046
79,1668486757.411627,252800,-1.3509137630462646,0.34803783893585205,1.3496962785720825,0.3767114579677582,1.351523756980896,0.37221264839172363
80,1668486759.0396063,256000,-1.3509137630462646,0.34803783893585205,1.3526402711868286,0.47794196009635925,1.351523756980896,0.37221264839172363
81,1668486762.584887,259200,-1.354840874671936,0.5229369401931763,1.3526402711868286,0.47794196009635925,1.351523756980896,0.37221264839172363
82,1668486762.7615182,262400,-1.354840874671936,0.5229369401931763,1.3526402711868286,0.47794196009635925,1.3551183938980103,0.5288583636283875
83,1668486764.0816724,265600,-1.354840874671936,0.5229369401931763,1.3555740118026733,0.4548629820346832,1.3551183938980103,0.5288583636283875
84,1668486767.4051254,268800,-1.3563979864120483,0.341187059879303,1.3555740118026733,0.4548629820346832,1.3551183938980103,0.5288583636283875
85,1668486767.5652592,272000,-1.3563979864120483,0.341187059879303,1.3555740118026733,0.4548629820346832,1.3570541143417358,0.33580151200294495
86,1668486768.8983464,275200,-1.3563979864120483,0.341187059879303,1.3582602739334106,0.3516063392162323,1.3570541143417358,0.33580151200294495
87,1668486772.2149668,278400,-1.3590366840362549,0.4064067602157593,1.3582602739334106,0.3516063392162323,1.3570541143417358,0.33580151200294495
88,1668486772.2547882,281600,-1.3590366840362549,0.4064067602157593,1.3582602739334106,0.3516063392162323,1.3595021963119507,0.4324537515640259
89,1668486773.769815,284800,-1.3590366840362549,0.4064067602157593,1.3600350618362427,0.32109877467155457,1.3595021963119507,0.4324537515640259
90,1668486777.4267595,288000,-1.3604687452316284,0.2898911237716675,1.3600350618362427,0.32109877467155457,1.3595021963119507,0.4324537515640259
91,1668486777.6083205,291200,-1.3604687452316284,0.2898911237716675,1.3600350618362427,0.32109877467155457,1.3610014915466309,0.30130207538604736
92,1668486779.0016937,294400,-1.3604687452316284,0.2898911237716675,1.363298773765564,0.41211387515068054,1.3610014915466309,0.30130207538604736
93,1668486781.43908,297600,-1.3646845817565918,0.6808419823646545,1.363298773765564,0.41211387515068054,1.3610014915466309,0.30130207538604736
94,1668486781.6011076,300800,-1.3646845817565918,0.6808419823646545,1.363298773765564,0.41211387515068054,1.365775227546692,0.7316155433654785
95,1668486782.7282887,304000,-1.3646845817565918,0.6808419823646545,1.367152214050293,0.7902114987373352,1.365775227546692,0.7316155433654785
96,1668486785.0052388,307200,-1.3689818382263184,0.9574469923973083,1.367152214050293,0.7902114987373352,1.365775227546692,0.7316155433654785
97,1668486785.1259637,310400,-1.3689818382263184,0.9574469923973083,1.367152214050293,0.7902114987373352,1.3695118427276611,0.9643797278404236
98,1668486786.3934174,313600,-1.3689818382263184,0.9574469923973083,1.3707021474838257,0.732395350933075,1.3695118427276611,0.9643797278404236
99,1668486788.7757814,316800,-1.3720966577529907,0.6880845427513123,1.3707021474838257,0.732395350933075,1.3695118427276611,0.9643797278404236
100,1668486788.9085858,320000,-1.3720966577529907,0.6880845427513123,1.3707021474838257,0.732395350933075,1.372146487236023,0.7060403227806091
101,1668486790.1380162,323200,-1.3720966577529907,0.6880845427513123,1.37301504611969,0.592939555644989,1.372146487236023,0.7060403227806091
102,1668486792.5330136,326400,-1.3726801872253418,0.7439467906951904,1.37301504611969,0.592939555644989,1.372146487236023,0.7060403227806091
103,1668486792.6709614,329600,-1.3726801872253418,0.7439467906951904,1.37301504611969,0.592939555644989,1.3732080459594727,0.7226982712745667
104,1668486793.8559623,332800,-1.3726801872253418,0.7439467906951904,1.3740276098251343,0.7865509986877441,1.3732080459594727,0.7226982712745667
105,1668486796.1894255,336000,-1.3731744289398193,0.43895894289016724,1.3740276098251343,0.7865509986877441,1.3732080459594727,0.7226982712745667
106,1668486796.36941,339200,-1.3731744289398193,0.43895894289016724,1.3740276098251343,0.7865509986877441,1.3732577562332153,0.39962416887283325
107,1668486797.634267,342400,-1.3731744289398193,0.43895894289016724,1.3731656074523926,0.4089706838130951,1.3732577562332153,0.39962416887283325
108,1668486799.9011693,345600,-1.3724491596221924,0.807736337184906,1.3731656074523926,0.4089706838130951,1.3732577562332153,0.39962416887283325
109,1668486800.0148716,348800,-1.3724491596221924,0.807736337184906,1.3731656074523926,0.4089706838130951,1.3730578422546387,0.8493444919586182
110,1668486801.2935464,352000,-1.3724491596221924,0.807736337184906,1.3715176582336426,0.806195080280304,1.3730578422546387,0.8493444919586182
111,1668486803.6603534,355200,-1.368730902671814,1.0407607555389404,1.3715176582336426,0.806195080280304,1.3730578422546387,0.8493444919586182
112,1668486803.667555,358400,-1.368730902671814,1.0407607555389404,1.3715176582336426,0.806195080280304,1.369013786315918,1.1171941757202148
113,1668486804.855669,361600,-1.368730902671814,1.0407607555389404,1.3674675226211548,1.9312869310379028,1.369013786315918,1.1171941757202148
114,1668486807.0832002,364800,-1.3637419939041138,2.0839600563049316,1.3674675226211548,1.9312869310379028,1.369013786315918,1.1171941757202148
115,1668486807.2500942,368000,-1.3637419939041138,2.0839600563049316,1.3674675226211548,1.9312869310379028,1.3642010688781738,2.117325782775879
116,1668486808.6501195,371200,-1.3637419939041138,2.0839600563049316,1.3594940900802612,1.813601016998291,1.3642010688781738,2.117325782775879
117,1668486811.1417873,374400,-1.3527698516845703,1.8344247341156006,1.3594940900802612,1.813601016998291,1.3642010688781738,2.117325782775879
118,1668486811.291122,377600,-1.3527698516845703,1.8344247341156006,1.3594940900802612,1.813601016998291,1.3528233766555786,1.7837339639663696
119,1668486812.5804784,380800,-1.3527698516845703,1.8344247341156006,1.3488671779632568,1.6048476696014404,1.3528233766555786,1.7837339639663696
120,1668486814.611278,384000,-1.3357328176498413,2.542168617248535,1.3488671779632568,1.6048476696014404,1.3528233766555786,1.7837339639663696
121,1668486814.886135,387200,-1.3357328176498413,2.542168617248535,1.3488671779632568,1.6048476696014404,1.3364750146865845,2.43019962310791
122,1668486816.1733503,390400,-1.3357328176498413,2.542168617248535,1.3286054134368896,2.764493942260742,1.3364750146865845,2.43019962310791
123,1668486818.264406,393600,-1.3105652332305908,4.216770648956299,1.3286054134368896,2.764493942260742,1.3364750146865845,2.43019962310791
124,1668486818.5601506,396800,-1.3105652332305908,4.216770648956299,1.3286054134368896,2.764493942260742,1.3094160556793213,4.229330539703369
125,1668486819.7621353,400000,-1.3105652332305908,4.216770648956299,1.2957055568695068,4.275343418121338,1.3094160556793213,4.229330539703369
126,1668486821.559697,403200,-1.2731225490570068,2.7329468727111816,1.2957055568695068,4.275343418121338,1.3094160556793213,4.229330539703369
127,1668486822.0331106,406400,-1.2731225490570068,2.7329468727111816,1.2957055568695068,4.275343418121338,1.2708548307418823,2.835874080657959
128,1668486823.2564728,409600,-1.2731225490570068,2.7329468727111816,1.2519772052764893,3.3353662490844727,1.2708548307418823,2.835874080657959
129,1668486824.839211,412800,-1.2236484289169312,4.021749973297119,1.2519772052764893,3.3353662490844727,1.2708548307418823,2.835874080657959
130,1668486825.4657063,416000,-1.2236484289169312,4.021749973297119,1.2519772052764893,3.3353662490844727,1.219127893447876,4.000920295715332
131,1668486826.7820413,419200,-1.2236484289169312,4.021749973297119,1.2020522356033325,3.654980421066284,1.219127893447876,4.000920295715332
132,1668486828.4695163,422400,-1.1733222007751465,3.1767807006835938,1.2020522356033325,3.654980421066284,1.219127893447876,4.000920295715332
133,1668486829.2681768,425600,-1.1733222007751465,3.1767807006835938,1.2020522356033325,3.654980421066284,1.1691820621490479,2.941805124282837
134,1668486830.591615,428800,-1.1733222007751465,3.1767807006835938,1.149296760559082,2.7160983085632324,1.1691820621490479,2.941805124282837
135,1668486831.8230371,432000,-1.1236937046051025,2.6067054271698,1.149296760559082,2.7160983085632324,1.1691820621490479,2.941805124282837
136,1668486832.9336314,435200,-1.1236937046051025,2.6067054271698,1.149296760559082,2.7160983085632324,1.119968295097351,2.43784236907959
137,1668486834.3430915,438400,-1.1236937046051025,2.6067054271698,1.103521704673767,1.7328029870986938,1.119968295097351,2.43784236907959
138,1668486835.5222802,441600,-1.0809226036071777,1.3149996995925903,1.103521704673767,1.7328029870986938,1.119968295097351,2.43784236907959
139,1668486836.8608396,444800,-1.0809226036071777,1.3149996995925903,1.103521704673767,1.7328029870986938,1.0784804821014404,1.389546513557434
140,1668486838.265919,448000,-1.0809226036071777,1.3149996995925903,1.0613833665847778,1.343614101409912,1.0784804821014404,1.389546513557434
141,1668486839.059746,451200,-1.0400627851486206,1.3719204664230347,1.0613833665847778,1.343614101409912,1.0784804821014404,1.389546513557434
142,1668486840.8166366,454400,-1.0400627851486206,1.3719204664230347,1.0613833665847778,1.343614101409912,1.0354828834533691,1.411676049232483
143,1668486842.410431,457600,-1.0400627851486206,1.3719204664230347,1.0176392793655396,1.2591824531555176,1.0354828834533691,1.411676049232483
144,1668486842.8998034,460800,-0.9972284436225891,1.2494229078292847,1.0176392793655396,1.2591824531555176,1.0354828834533691,1.411676049232483
145,1668486844.9268382,464000,-0.9972284436225891,1.2494229078292847,1.0176392793655396,1.2591824531555176,0.9940112233161926,1.4657150506973267
146,1668486846.5745926,467200,-0.9972284436225891,1.2494229078292847,0.9768684506416321,1.261023998260498,0.9940112233161926,1.4657150506973267
147,1668486846.875857,470400,-0.9579432010650635,1.1772475242614746,0.9768684506416321,1.261023998260498,0.9940112233161926,1.4657150506973267
148,1668486849.2568386,473600,-0.9579432010650635,1.1772475242614746,0.9768684506416321,1.261023998260498,0.9549976587295532,1.1275817155838013
149,1668486850.5393786,476800,-0.9196204543113708,0.9056070446968079,0.9768684506416321,1.261023998260498,0.9549976587295532,1.1275817155838013
150,1668486850.8022463,480000,-0.9196204543113708,0.9056070446968079,0.9373951554298401,0.9903398752212524,0.9549976587295532,1.1275817155838013
151,1668486853.3019147,483200,-0.9196204543113708,0.9056070446968079,0.9373951554298401,0.9903398752212524,0.914804995059967,0.8629907369613647
152,1668486854.5663612,486400,-0.8812253475189209,0.4798480272293091,0.9373951554298401,0.9903398752212524,0.914804995059967,0.8629907369613647
153,1668486855.0547476,489600,-0.8812253475189209,0.4798480272293091,0.8982736468315125,0.5394798517227173,0.914804995059967,0.8629907369613647
154,1668486857.639364,492800,-0.8812253475189209,0.4798480272293091,0.8982736468315125,0.5394798517227173,0.8765435814857483,0.5213223695755005
155,1668486858.0735881,496000,-0.8440558910369873,0.19681058824062347,0.8982736468315125,0.5394798517227173,0.8765435814857483,0.5213223695755005
156,1668486859.2099102,499200,-0.8440558910369873,0.19681058824062347,0.8598050475120544,0.22295966744422913,0.8765435814857483,0.5213223695755005
157,1668486861.4970615,502400,-0.8074913024902344,0.14984895288944244,0.8598050475120544,0.22295966744422913,0.8765435814857483,0.5213223695755005
158,1668486861.5740178,505600,-0.8074913024902344,0.14984895288944244,0.8598050475120544,0.22295966744422913,0.8388276696205139,0.2459593415260315
159,1668486863.156203,508800,-0.8074913024902344,0.14984895288944244,0.8221568465232849,0.19578523933887482,0.8388276696205139,0.2459593415260315
160,1668486865.4416397,512000,-0.7727522850036621,0.24310043454170227,0.8221568465232849,0.19578523933887482,0.8388276696205139,0.2459593415260315
161,1668486865.6200304,515200,-0.7727522850036621,0.24310043454170227,0.8221568465232849,0.19578523933887482,0.802801251411438,0.2615024447441101
162,1668486867.1900675,518400,-0.7727522850036621,0.24310043454170227,0.7866771221160889,0.29320091009140015,0.802801251411438,0.2615024447441101
163,1668486868.8687296,521600,-0.7394533157348633,0.26451653242111206,0.7866771221160889,0.29320091009140015,0.802801251411438,0.2615024447441101
164,1668486869.7595818,524800,-0.7394533157348633,0.26451653242111206,0.7866771221160889,0.29320091009140015,0.7685359120368958,0.3655911982059479
165,1668486871.3068304,528000,-0.7394533157348633,0.26451653242111206,0.7531143426895142,0.2552929222583771,0.7685359120368958,0.3655911982059479
166,1668486872.6121116,531200,-0.7077267169952393,0.2018778920173645,0.7531143426895142,0.2552929222583771,0.7685359120368958,0.3655911982059479
167,1668486873.6882067,534400,-0.7077267169952393,0.2018778920173645,0.7531143426895142,0.2552929222583771,0.7358211278915405,0.11971539258956909
168,1668486875.2541945,537600,-0.7077267169952393,0.2018778920173645,0.7203661203384399,0.20061343908309937,0.7358211278915405,0.11971539258956909
169,1668486876.1371264,540800,-0.6772465109825134,0.2508479952812195,0.7203661203384399,0.20061343908309937,0.7358211278915405,0.11971539258956909
170,1668486877.7524552,544000,-0.6772465109825134,0.2508479952812195,0.7203661203384399,0.20061343908309937,0.704362690448761,0.25741979479789734
171,1668486879.156952,547200,-0.6772465109825134,0.2508479952812195,0.689125657081604,0.44605761766433716,0.704362690448761,0.25741979479789734
172,1668486879.4804676,550400,-0.6480506062507629,0.4035978317260742,0.689125657081604,0.44605761766433716,0.704362690448761,0.25741979479789734
173,1668486881.4720845,553600,-0.6480506062507629,0.4035978317260742,0.689125657081604,0.44605761766433716,0.6747661828994751,0.5688587427139282
174,1668486883.0677814,556800,-0.6480506062507629,0.4035978317260742,0.6597912311553955,0.3976209759712219,0.6747661828994751,0.5688587427139282
175,1668486883.468603,560000,-0.6201916933059692,0.35931235551834106,0.6597912311553955,0.3976209759712219,0.6747661828994751,0.5688587427139282
176,1668486885.5207481,563200,-0.6201916933059692,0.35931235551834106,0.6597912311553955,0.3976209759712219,0.6460272669792175,0.2892579734325409
177,1668486886.8843377,566400,-0.5935770273208618,0.4313023090362549,0.6597912311553955,0.3976209759712219,0.6460272669792175,0.2892579734325409
178,1668486887.2110689,569600,-0.5935770273208618,0.4313023090362549,0.6316591501235962,0.438022643327713,0.6460272669792175,0.2892579734325409
179,1668486889.4499354,572800,-0.5935770273208618,0.4313023090362549,0.6316591501235962,0.438022643327713,0.6188024282455444,0.6575589776039124
180,1668486890.4522214,576000,-0.5683888792991638,0.5380615592002869,0.6316591501235962,0.438022643327713,0.6188024282455444,0.6575589776039124
181,1668486890.9259098,579200,-0.5683888792991638,0.5380615592002869,0.6055030822753906,0.7093819379806519,0.6188024282455444,0.6575589776039124
182,1668486893.1987643,582400,-0.5683888792991638,0.5380615592002869,0.6055030822753906,0.7093819379806519,0.593037486076355,0.6781860589981079
183,1668486894.0323555,585600,-0.5450001358985901,0.8432344794273376,0.6055030822753906,0.7093819379806519,0.593037486076355,0.6781860589981079
184,1668486894.8361833,588800,-0.5450001358985901,0.8432344794273376,0.5805216431617737,0.862479567527771,0.593037486076355,0.6781860589981079
185,1668486897.2784164,592000,-0.5450001358985901,0.8432344794273376,0.5805216431617737,0.862479567527771,0.5689451694488525,0.8220618367195129
186,1668486897.6593838,595200,-0.5217339396476746,0.619991660118103,0.5805216431617737,0.862479567527771,0.5689451694488525,0.8220618367195129
187,1668486898.9570367,598400,-0.5217339396476746,0.619991660118103,0.5560235381126404,0.6865772008895874,0.5689451694488525,0.8220618367195129
188,1668486901.3629487,601600,-0.50103759765625,0.9768586754798889,0.5560235381126404,0.6865772008895874,0.5689451694488525,0.8220618367195129
189,1668486901.3710096,604800,-0.50103759765625,0.9768586754798889,0.5560235381126404,0.6865772008895874,0.5465142130851746,0.9692339301109314
190,1668486902.9778001,608000,-0.50103759765625,0.9768586754798889,0.5338340997695923,0.8364141583442688,0.5465142130851746,0.9692339301109314
191,1668486905.0036829,611200,-0.4797111749649048,0.6993727087974548,0.5338340997695923,0.8364141583442688,0.5465142130851746,0.9692339301109314
192,1668486905.2305758,614400,-0.4797111749649048,0.6993727087974548,0.5338340997695923,0.8364141583442688,0.5237650275230408,0.7123623490333557
193,1668486906.9491165,617600,-0.4797111749649048,0.6993727087974548,0.5118064284324646,0.8010464310646057,0.5237650275230408,0.7123623490333557
194,1668486908.716959,620800,-0.45996367931365967,0.8055777549743652,0.5118064284324646,0.8010464310646057,0.5237650275230408,0.7123623490333557
195,1668486909.1553555,624000,-0.45996367931365967,0.8055777549743652,0.5118064284324646,0.8010464310646057,0.5028095245361328,0.8729588389396667
196,1668486910.95665,627200,-0.45996367931365967,0.8055777549743652,0.4909423589706421,0.8179542422294617,0.5028095245361328,0.8729588389396667
197,1668486912.5097365,630400,-0.44062209129333496,0.8799338340759277,0.4909423589706421,0.8179542422294617,0.5028095245361328,0.8729588389396667
198,1668486913.19912,633600,-0.44062209129333496,0.8799338340759277,0.4909423589706421,0.8179542422294617,0.48216840624809265,0.894927442073822
199,1668486914.8439767,636800,-0.44062209129333496,0.8799338340759277,0.4705517590045929,0.8387184143066406,0.48216840624809265,0.894927442073822
200,1668486916.062889,640000,-0.4217775762081146,0.71282559633255,0.4705517590045929,0.8387184143066406,0.48216840624809265,0.894927442073822
201,1668486917.04958,643200,-0.4217775762081146,0.71282559633255,0.4705517590045929,0.8387184143066406,0.4621277153491974,0.761759877204895
202,1668486918.670267,646400,-0.4217775762081146,0.71282559633255,0.4507438838481903,0.7394682168960571,0.4621277153491974,0.761759877204895
203,1668486919.7109065,649600,-0.40316858887672424,0.7041420936584473,0.4507438838481903,0.7394682168960571,0.4621277153491974,0.761759877204895
204,1668486920.9432178,652800,-0.40316858887672424,0.7041420936584473,0.4507438838481903,0.7394682168960571,0.44256240129470825,0.7740366458892822
205,1668486922.8603024,656000,-0.40316858887672424,0.7041420936584473,0.4312778115272522,0.6776799559593201,0.44256240129470825,0.7740366458892822
206,1668486923.652417,659200,-0.38597220182418823,0.7229813933372498,0.4312778115272522,0.6776799559593201,0.44256240129470825,0.7740366458892822
207,1668486925.1528602,662400,-0.38597220182418823,0.7229813933372498,0.4312778115272522,0.6776799559593201,0.42427992820739746,0.7770232558250427
208,1668486927.122938,665600,-0.38597220182418823,0.7229813933372498,0.41301050782203674,0.8262329697608948,0.42427992820739746,0.7770232558250427
209,1668486927.518272,668800,-0.3691735565662384,0.7841920256614685,0.41301050782203674,0.8262329697608948,0.42427992820739746,0.7770232558250427
210,1668486929.1291254,672000,-0.3691735565662384,0.7841920256614685,0.41301050782203674,0.8262329697608948,0.40632423758506775,0.8170141577720642
211,1668486930.8699362,675200,-0.3691735565662384,0.7841920256614685,0.39489930868148804,0.6723025441169739,0.40632423758506775,0.8170141577720642
212,1668486931.1220598,678400,-0.3522123396396637,0.6601043939590454,0.39489930868148804,0.6723025441169739,0.40632423758506775,0.8170141577720642
213,1668486933.0097544,681600,-0.3522123396396637,0.6601043939590454,0.39489930868148804,0.6723025441169739,0.3882240653038025,0.7339016795158386
214,1668486934.699733,684800,-0.336430162191391,0.9015682935714722,0.39489930868148804,0.6723025441169739,0.3882240653038025,0.7339016795158386
215,1668486934.811203,688000,-0.336430162191391,0.9015682935714722,0.3781771957874298,0.9755316376686096,0.3882240653038025,0.7339016795158386
216,1668486936.5511642,691200,-0.336430162191391,0.9015682935714722,0.3781771957874298,0.9755316376686096,0.37357276678085327,1.227165937423706
217,1668486937.9207454,694400,-0.3232022821903229,1.2047451734542847,0.3781771957874298,0.9755316376686096,0.37357276678085327,1.227165937423706
218,1668486938.4716344,697600,-0.3232022821903229,1.2047451734542847,0.36350226402282715,1.1390323638916016,0.37357276678085327,1.227165937423706
219,1668486940.292835,700800,-0.3232022821903229,1.2047451734542847,0.36350226402282715,1.1390323638916016,0.35895273089408875,1.0727354288101196
220,1668486941.6922367,704000,-0.3107178211212158,1.0966594219207764,0.36350226402282715,1.1390323638916016,0.35895273089408875,1.0727354288101196
221,1668486942.1789813,707200,-0.3107178211212158,1.0966594219207764,0.3500637114048004,1.1262694597244263,0.35895273089408875,1.0727354288101196
222,1668486944.0734966,710400,-0.3107178211212158,1.0966594219207764,0.3500637114048004,1.1262694597244263,0.3454281985759735,0.9563069939613342
223,1668486945.05023,713600,-0.29798123240470886,1.0029200315475464,0.3500637114048004,1.1262694597244263,0.3454281985759735,0.9563069939613342
224,1668486945.9857183,716800,-0.29798123240470886,1.0029200315475464,0.33626070618629456,0.9537829756736755,0.3454281985759735,0.9563069939613342
225,1668486947.7291365,720000,-0.29798123240470886,1.0029200315475464,0.33626070618629456,0.9537829756736755,0.3330129384994507,1.1968399286270142
226,1668486948.7134323,723200,-0.2868349552154541,1.1103911399841309,0.33626070618629456,0.9537829756736755,0.3330129384994507,1.1968399286270142
227,1668486949.6898532,726400,-0.2868349552154541,1.1103911399841309,0.3238261342048645,1.0965557098388672,0.3330129384994507,1.1968399286270142
228,1668486951.6664004,729600,-0.2868349552154541,1.1103911399841309,0.3238261342048645,1.0965557098388672,0.32072412967681885,1.1654367446899414
229,1668486952.2389045,732800,-0.276157945394516,1.1849639415740967,0.3238261342048645,1.0965557098388672,0.32072412967681885,1.1654367446899414
230,1668486953.7905214,736000,-0.276157945394516,1.1849639415740967,0.31213074922561646,1.3056222200393677,0.32072412967681885,1.1654367446899414
231,1668486955.2355072,739200,-0.276157945394516,1.1849639415740967,0.31213074922561646,1.3056222200393677,0.3089637756347656,1.2348486185073853
232,1668486955.7049353,742400,-0.26484209299087524,1.104432225227356,0.31213074922561646,1.3056222200393677,0.3089637756347656,1.2348486185073853
233,1668486957.2700486,745600,-0.26484209299087524,1.104432225227356,0.3004136085510254,1.0829917192459106,0.3089637756347656,1.2348486185073853
234,1668486958.7348647,748800,-0.26484209299087524,1.104432225227356,0.3004136085510254,1.0829917192459106,0.29795143008232117,1.13428795337677
235,1668486959.1831558,752000,-0.2551928758621216,1.1577632427215576,0.3004136085510254,1.0829917192459106,0.29795143008232117,1.13428795337677
236,1668486960.7509918,755200,-0.2551928758621216,1.1577632427215576,0.29035311937332153,1.310880184173584,0.29795143008232117,1.13428795337677
237,1668486962.4901104,758400,-0.2551928758621216,1.1577632427215576,0.29035311937332153,1.310880184173584,0.28699710965156555,1.2722249031066895
238,1668486962.5677652,761600,-0.2445484697818756,1.223720908164978,0.29035311937332153,1.310880184173584,0.28699710965156555,1.2722249031066895
239,1668486964.5547652,764800,-0.2445484697818756,1.223720908164978,0.2785857617855072,1.246425747871399,0.28699710965156555,1.2722249031066895
240,1668486965.7727017,768000,-0.2445484697818756,1.223720908164978,0.2785857617855072,1.246425747871399,0.27579331398010254,1.2511290311813354
241,1668486965.926267,771200,-0.23467585444450378,1.2187564373016357,0.2785857617855072,1.246425747871399,0.27579331398010254,1.2511290311813354
242,1668486967.9664497,774400,-0.23467585444450378,1.2187564373016357,0.26800116896629333,1.1671521663665771,0.27579331398010254,1.2511290311813354
243,1668486969.179359,777600,-0.22561940550804138,1.2316724061965942,0.26800116896629333,1.1671521663665771,0.27579331398010254,1.2511290311813354
244,1668486969.539172,780800,-0.22561940550804138,1.2316724061965942,0.26800116896629333,1.1671521663665771,0.26621562242507935,1.2630465030670166
245,1668486971.7354202,784000,-0.22561940550804138,1.2316724061965942,0.2594549357891083,1.4116783142089844,0.26621562242507935,1.2630465030670166
246,1668486972.4573839,787200,-0.21708270907402039,1.4319931268692017,0.2594549357891083,1.4116783142089844,0.26621562242507935,1.2630465030670166
247,1668486972.9596107,790400,-0.21708270907402039,1.4319931268692017,0.2594549357891083,1.4116783142089844,0.25632715225219727,1.3922086954116821
248,1668486975.1710584,793600,-0.21708270907402039,1.4319931268692017,0.24920451641082764,1.2044343948364258,0.25632715225219727,1.3922086954116821
249,1668486975.8360262,796800,-0.2086886316537857,1.1785571575164795,0.24920451641082764,1.2044343948364258,0.25632715225219727,1.3922086954116821
250,1668486976.298599,800000,-0.2086886316537857,1.1785571575164795,0.24920451641082764,1.2044343948364258,0.24735356867313385,1.237300157546997
251,1668486978.732149,803200,-0.2086886316537857,1.1785571575164795,0.24031423032283783,1.2699018716812134,0.24735356867313385,1.237300157546997
252,1668486979.1568727,806400,-0.20018529891967773,1.2754180431365967,0.24031423032283783,1.2699018716812134,0.24735356867313385,1.237300157546997
253,1668486979.968481,809600,-0.20018529891967773,1.2754180431365967,0.24031423032283783,1.2699018716812134,0.23859237134456635,1.2637062072753906
254,1668486982.4854062,812800,-0.20018529891967773,1.2754180431365967,0.2313743382692337,1.083022117614746,0.23859237134456635,1.2637062072753906
255,1668486982.7345617,816000,-0.1920965313911438,1.134986162185669,0.2313743382692337,1.083022117614746,0.23859237134456635,1.2637062072753906
256,1668486983.5792186,819200,-0.1920965313911438,1.134986162185669,0.2313743382692337,1.083022117614746,0.22936832904815674,1.1840156316757202
257,1668486985.9830303,822400,-0.1830548495054245,1.0571664571762085,0.2313743382692337,1.083022117614746,0.22936832904815674,1.1840156316757202
258,1668486986.0911355,825600,-0.1830548495054245,1.0571664571762085,0.22111080586910248,1.1308635473251343,0.22936832904815674,1.1840156316757202
259,1668486987.519256,828800,-0.1830548495054245,1.0571664571762085,0.22111080586910248,1.1308635473251343,0.21955335140228271,1.0483022928237915
260,1668486989.6779702,832000,-0.1758640557527542,1.153856635093689,0.22111080586910248,1.1308635473251343,0.21955335140228271,1.0483022928237915
261,1668486990.1814647,835200,-0.1758640557527542,1.153856635093689,0.21285614371299744,1.1664930582046509,0.21955335140228271,1.0483022928237915
262,1668486991.0384,838400,-0.1758640557527542,1.153856635093689,0.21285614371299744,1.1664930582046509,0.21107365190982819,1.1647942066192627
263,1668486993.0499847,841600,-0.1673482209444046,1.1050854921340942,0.21285614371299744,1.1664930582046509,0.21107365190982819,1.1647942066192627
264,1668486993.5719314,844800,-0.1673482209444046,1.1050854921340942,0.20386970043182373,1.1446056365966797,0.21107365190982819,1.1647942066192627
265,1668486994.4128733,848000,-0.1673482209444046,1.1050854921340942,0.20386970043182373,1.1446056365966797,0.20231746137142181,1.1420830488204956
266,1668486996.45729,851200,-0.15946830809116364,1.1682857275009155,0.20386970043182373,1.1446056365966797,0.20231746137142181,1.1420830488204956
267,1668486997.0538309,854400,-0.15946830809116364,1.1682857275009155,0.19594310224056244,1.2299773693084717,0.20231746137142181,1.1420830488204956
268,1668486998.0308077,857600,-0.15946830809116364,1.1682857275009155,0.19594310224056244,1.2299773693084717,0.19467049837112427,1.3071447610855103
269,1668486999.7483792,860800,-0.15292994678020477,1.2314540147781372,0.19594310224056244,1.2299773693084717,0.19467049837112427,1.3071447610855103
270,1668487000.6927073,864000,-0.15292994678020477,1.2314540147781372,0.18778154253959656,1.121774435043335,0.19467049837112427,1.3071447610855103
271,1668487001.4185734,867200,-0.15292994678020477,1.2314540147781372,0.18778154253959656,1.121774435043335,0.18736077845096588,1.2422796487808228
272,1668487002.9263089,870400,-0.14924247562885284,1.5641196966171265,0.18778154253959656,1.121774435043335,0.18736077845096588,1.2422796487808228
273,1668487004.3091097,873600,-0.14924247562885284,1.5641196966171265,0.18476136028766632,1.6935850381851196,0.18736077845096588,1.2422796487808228
274,1668487005.1351585,876800,-0.14924247562885284,1.5641196966171265,0.18476136028766632,1.6935850381851196,0.1842985302209854,1.6362777948379517
275,1668487006.5994098,880000,-0.14441446959972382,1.4386935234069824,0.18476136028766632,1.6935850381851196,0.1842985302209854,1.6362777948379517
276,1668487008.0455995,883200,-0.14441446959972382,1.4386935234069824,0.17846256494522095,1.5722317695617676,0.1842985302209854,1.6362777948379517
277,1668487008.602364,886400,-0.14441446959972382,1.4386935234069824,0.17846256494522095,1.5722317695617676,0.17831748723983765,1.5895274877548218
278,1668487009.8935761,889600,-0.1401292234659195,1.7143460512161255,0.17846256494522095,1.5722317695617676,0.17831748723983765,1.5895274877548218
279,1668487011.8229456,892800,-0.1401292234659195,1.7143460512161255,0.17346420884132385,1.8433887958526611,0.17831748723983765,1.5895274877548218
280,1668487012.2672744,896000,-0.1401292234659195,1.7143460512161255,0.17346420884132385,1.8433887958526611,0.17262470722198486,1.8070461750030518
281,1668487013.490039,899200,-0.13443680107593536,1.6424404382705688,0.17346420884132385,1.8433887958526611,0.17262470722198486,1.8070461750030518
282,1668487015.3150694,902400,-0.13443680107593536,1.6424404382705688,0.16767634451389313,1.6736923456192017,0.17262470722198486,1.8070461750030518
283,1668487015.7717502,905600,-0.13443680107593536,1.6424404382705688,0.16767634451389313,1.6736923456192017,0.1672734171152115,1.8162025213241577
284,1668487016.7791927,908800,-0.13080786168575287,1.8906787633895874,0.16767634451389313,1.6736923456192017,0.1672734171152115,1.8162025213241577
285,1668487019.0094779,912000,-0.13080786168575287,1.8906787633895874,0.1634686440229416,1.7137287855148315,0.1672734171152115,1.8162025213241577
286,1668487019.1596572,915200,-0.13080786168575287,1.8906787633895874,0.1634686440229416,1.7137287855148315,0.16323423385620117,1.6877179145812988
287,1668487019.966874,918400,-0.1261957585811615,1.6634634733200073,0.1634686440229416,1.7137287855148315,0.16323423385620117,1.6877179145812988
288,1668487022.4119158,921600,-0.1261957585811615,1.6634634733200073,0.1584027111530304,1.6514071226119995,0.16323423385620117,1.6877179145812988
289,1668487022.702112,924800,-0.1261957585811615,1.6634634733200073,0.1584027111530304,1.6514071226119995,0.1587926298379898,1.7277772426605225
290,1668487023.381486,928000,-0.12215352058410645,1.6753462553024292,0.1584027111530304,1.6514071226119995,0.1587926298379898,1.7277772426605225
291,1668487026.1111434,931200,-0.12215352058410645,1.6753462553024292,0.1537339687347412,1.5860731601715088,0.1587926298379898,1.7277772426605225
292,1668487026.1714334,934400,-0.12215352058410645,1.6753462553024292,0.1537339687347412,1.5860731601715088,0.15351703763008118,1.5314457416534424
293,1668487026.6533196,937600,-0.11229231208562851,1.525316596031189,0.1537339687347412,1.5860731601715088,0.15351703763008118,1.5314457416534424
294,1668487029.5682504,940800,-0.11229231208562851,1.525316596031189,0.1537339687347412,1.5860731601715088,0.1492811143398285,1.9302786588668823
295,1668487029.6359112,944000,-0.11229231208562851,1.525316596031189,0.1492641717195511,1.8289724588394165,0.1492811143398285,1.9302786588668823
296,1668487030.1133995,947200,-0.10097888112068176,1.9720370769500732,0.1492641717195511,1.8289724588394165,0.1492811143398285,1.9302786588668823
297,1668487033.3647237,950400,-0.10097888112068176,1.9720370769500732,0.1492641717195511,1.8289724588394165,0.1441078782081604,1.9916797876358032
298,1668487033.4098213,953600,-0.10097888112068176,1.9720370769500732,0.1441592425107956,1.9858262538909912,0.1441078782081604,1.9916797876358032
299,1668487033.564085,956800,-0.08626706898212433,1.857322096824646,0.1441592425107956,1.9858262538909912,0.1441078782081604,1.9916797876358032
300,1668487036.6835256,960000,-0.08626706898212433,1.857322096824646,0.1441592425107956,1.9858262538909912,0.1397976130247116,1.4530401229858398
301,1668487036.768206,963200,-0.07072069495916367,1.4747216701507568,0.1441592425107956,1.9858262538909912,0.1397976130247116,1.4530401229858398
302,1668487037.1012082,966400,-0.07072069495916367,1.4747216701507568,0.1394338756799698,1.4882080554962158,0.1397976130247116,1.4530401229858398
303,1668487040.2152472,969600,-0.055675409734249115,1.7981674671173096,0.1394338756799698,1.4882080554962158,0.1397976130247116,1.4530401229858398
304,1668487040.2583232,972800,-0.055675409734249115,1.7981674671173096,0.1394338756799698,1.4882080554962158,0.13120558857917786,1.7961136102676392
305,1668487040.5199444,976000,-0.055675409734249115,1.7981674671173096,0.1361289620399475,1.8515260219573975,0.13120558857917786,1.7961136102676392
306,1668487043.3311727,979200,-0.04052765667438507,1.8895291090011597,0.1361289620399475,1.8515260219573975,0.13120558857917786,1.7961136102676392
307,1668487043.6548836,982400,-0.04052765667438507,1.8895291090011597,0.1361289620399475,1.8515260219573975,0.12066084891557693,2.002366065979004
308,1668487044.2350068,985600,-0.04052765667438507,1.8895291090011597,0.12825605273246765,1.9964908361434937,0.12066084891557693,2.002366065979004
309,1668487046.9142034,988800,-0.025897188112139702,2.3670406341552734,0.12825605273246765,1.9964908361434937,0.12066084891557693,2.002366065979004
310,1668487047.2927024,992000,-0.025897188112139702,2.3670406341552734,0.12825605273246765,1.9964908361434937,0.1081196591258049,2.274122953414917
311,1668487047.8315308,995200,-0.025897188112139702,2.3670406341552734,0.1178126260638237,2.267923355102539,0.1081196591258049,2.274122953414917
312,1668487050.232686,998400,-0.00927530787885189,2.096266984939575,0.1178126260638237,2.267923355102539,0.1081196591258049,2.274122953414917
313,1668487050.7645435,1001600,-0.00927530787885189,2.096266984939575,0.1178126260638237,2.267923355102539,0.09379740059375763,2.131608486175537
314,1668487051.341329,1004800,-0.00927530787885189,2.096266984939575,0.10454781353473663,2.0793399810791016,0.09379740059375763,2.131608486175537
315,1668487053.4013896,1008000,0.006477890536189079,2.112982749938965,0.10454781353473663,2.0793399810791016,0.09379740059375763,2.131608486175537
316,1668487054.073483,1011200,0.006477890536189079,2.112982749938965,0.10454781353473663,2.0793399810791016,0.07969625294208527,2.1682729721069336
317,1668487055.0097642,1014400,0.006477890536189079,2.112982749938965,0.0915289893746376,2.4172322750091553,0.07969625294208527,2.1682729721069336
318,1668487056.8555021,1017600,0.020833702757954597,2.424609899520874,0.0915289893746376,2.4172322750091553,0.07969625294208527,2.1682729721069336
319,1668487057.6250904,1020800,0.020833702757954597,2.424609899520874,0.0915289893746376,2.4172322750091553,0.0647597461938858,2.2908759117126465
320,1668487058.4139051,1024000,0.020833702757954597,2.424609899520874,0.07638441771268845,2.2008957862854004,0.0647597461938858,2.2908759117126465
321,1668487059.9946885,1027200,0.03591528907418251,2.0250682830810547,0.07638441771268845,2.2008957862854004,0.0647597461938858,2.2908759117126465
322,1668487060.886938,1030400,0.03591528907418251,2.0250682830810547,0.07638441771268845,2.2008957862854004,0.04917522892355919,1.9949766397476196
323,1668487062.0398052,1033600,0.03591528907418251,2.0250682830810547,0.06273379176855087,2.022054672241211,0.04917522892355919,1.9949766397476196
324,1668487063.3347335,1036800,0.04924117401242256,2.4289679527282715,0.06273379176855087,2.022054672241211,0.04917522892355919,1.9949766397476196
325,1668487064.4973667,1040000,0.04924117401242256,2.4289679527282715,0.06273379176855087,2.022054672241211,0.035683002322912216,2.6043341159820557
326,1668487065.3306925,1043200,0.04924117401242256,2.4289679527282715,0.04809223487973213,2.6161246299743652,0.035683002322912216,2.6043341159820557
327,1668487066.480226,1046400,0.0653243288397789,2.2562355995178223,0.04809223487973213,2.6161246299743652,0.035683002322912216,2.6043341159820557
328,1668487067.6508389,1049600,0.0653243288397789,2.2562355995178223,0.04809223487973213,2.6161246299743652,0.02081800438463688,2.1269185543060303
329,1668487068.8891745,1052800,0.0653243288397789,2.2562355995178223,0.03401964530348778,2.2522895336151123,0.02081800438463688,2.1269185543060303
330,1668487069.760885,1056000,0.07804640382528305,2.3565421104431152,0.03401964530348778,2.2522895336151123,0.02081800438463688,2.1269185543060303
331,1668487070.94414,1059200,0.07804640382528305,2.3565421104431152,0.03401964530348778,2.2522895336151123,0.007229882292449474,2.3287012577056885
332,1668487072.4028597,1062400,0.07804640382528305,2.3565421104431152,0.01992005668580532,2.2923574447631836,0.007229882292449474,2.3287012577056885
333,1668487072.964368,1065600,0.09301590174436569,2.2516732215881348,0.01992005668580532,2.2923574447631836,0.007229882292449474,2.3287012577056885
334,1668487074.4419398,1068800,0.09301590174436569,2.2516732215881348,0.01992005668580532,2.2923574447631836,-0.008886817842721939,2.611297607421875
335,1668487075.8025897,1072000,0.09301590174436569,2.2516732215881348,0.004795098677277565,2.467895746231079,-0.008886817842721939,2.611297607421875
336,1668487076.3878036,1075200,0.10791097581386566,2.4312238693237305,0.004795098677277565,2.467895746231079,-0.008886817842721939,2.611297607421875
337,1668487077.7202914,1078400,0.10791097581386566,2.4312238693237305,0.004795098677277565,2.467895746231079,-0.020348023623228073,2.169390916824341
338,1668487079.5574412,1081600,0.10791097581386566,2.4312238693237305,-0.010211117565631866,2.154477119445801,-0.020348023623228073,2.169390916824341
339,1668487079.8042474,1084800,0.1240835189819336,2.1805052757263184,-0.010211117565631866,2.154477119445801,-0.020348023623228073,2.169390916824341
340,1668487082.4754257,1088000,0.1240835189819336,2.1805052757263184,-0.010211117565631866,2.154477119445801,-0.037277448922395706,2.3412129878997803
341,1668487084.8273554,1091200,0.13692966103553772,2.455341100692749,-0.010211117565631866,2.154477119445801,-0.037277448922395706,2.3412129878997803
342,1668487084.9438343,1094400,0.13692966103553772,2.455341100692749,-0.023672055453062057,2.522584915161133,-0.037277448922395706,2.3412129878997803
343,1668487087.5422,1097600,0.13692966103553772,2.455341100692749,-0.023672055453062057,2.522584915161133,-0.05042470619082451,2.363492727279663
344,1668487089.65446,1100800,0.15247362852096558,2.2392969131469727,-0.023672055453062057,2.522584915161133,-0.05042470619082451,2.363492727279663
345,1668487090.13422,1104000,0.15247362852096558,2.2392969131469727,-0.0382210798561573,2.255997896194458,-0.05042470619082451,2.363492727279663
346,1668487092.3340876,1107200,0.15247362852096558,2.2392969131469727,-0.0382210798561573,2.255997896194458,-0.06561751663684845,2.245270013809204
347,1668487094.3977237,1110400,0.168761745095253,2.1265969276428223,-0.0382210798561573,2.255997896194458,-0.06561751663684845,2.245270013809204
348,1668487095.4782522,1113600,0.168761745095253,2.1265969276428223,-0.052431393414735794,2.1269664764404297,-0.06561751663684845,2.245270013809204
349,1668487097.5751493,1116800,0.168761745095253,2.1265969276428223,-0.052431393414735794,2.1269664764404297,-0.08011573553085327,2.100888967514038
350,1668487099.3528364,1120000,0.1842663437128067,2.345947027206421,-0.052431393414735794,2.1269664764404297,-0.08011573553085327,2.100888967514038
351,1668487100.2935042,1123200,0.1842663437128067,2.345947027206421,-0.06691908091306686,2.902284622192383,-0.08011573553085327,2.100888967514038
352,1668487102.1442099,1126400,0.1842663437128067,2.345947027206421,-0.06691908091306686,2.902284622192383,-0.0930236279964447,2.983576774597168
353,1668487104.0058923,1129600,0.19594313204288483,2.8120596408843994,-0.06691908091306686,2.902284622192383,-0.0930236279964447,2.983576774597168
354,1668487105.663715,1132800,0.19594313204288483,2.8120596408843994,-0.07949551194906235,2.4513254165649414,-0.0930236279964447,2.983576774597168
355,1668487107.634785,1136000,0.19594313204288483,2.8120596408843994,-0.07949551194906235,2.4513254165649414,-0.10572516173124313,2.281747341156006
356,1668487108.8563874,1139200,0.21023212373256683,2.475332736968994,-0.07949551194906235,2.4513254165649414,-0.10572516173124313,2.281747341156006
357,1668487110.698592,1142400,0.21023212373256683,2.475332736968994,-0.09204444289207458,2.899303674697876,-0.10572516173124313,2.281747341156006
358,1668487112.450048,1145600,0.21023212373256683,2.475332736968994,-0.09204444289207458,2.899303674697876,-0.1186412051320076,3.493288040161133
359,1668487113.8654807,1148800,0.22332710027694702,3.6731836795806885,-0.09204444289207458,2.899303674697876,-0.1186412051320076,3.493288040161133
360,1668487115.932444,1152000,0.22332710027694702,3.6731836795806885,-0.1046232134103775,4.024426460266113,-0.1186412051320076,3.493288040161133
361,1668487117.1192148,1155200,0.22332710027694702,3.6731836795806885,-0.1046232134103775,4.024426460266113,-0.13249143958091736,3.314798593521118
362,1668487118.362058,1158400,0.23421664535999298,3.138350248336792,-0.1046232134103775,4.024426460266113,-0.13249143958091736,3.314798593521118
363,1668487120.7009728,1161600,0.23421664535999298,3.138350248336792,-0.11722328513860703,3.4832510948181152,-0.13249143958091736,3.314798593521118
364,1668487121.947482,1164800,0.23421664535999298,3.138350248336792,-0.11722328513860703,3.4832510948181152,-0.14339451491832733,3.459765911102295
365,1668487122.9765868,1168000,0.24588777124881744,3.589308500289917,-0.11722328513860703,3.4832510948181152,-0.14339451491832733,3.459765911102295
366,1668487125.3701773,1171200,0.24588777124881744,3.589308500289917,-0.12899187207221985,2.8578941822052,-0.14339451491832733,3.459765911102295
367,1668487126.466166,1174400,0.24588777124881744,3.589308500289917,-0.12899187207221985,2.8578941822052,-0.15624304115772247,2.8692662715911865
368,1668487127.3903573,1177600,0.2580213248729706,2.8183114528656006,-0.12899187207221985,2.8578941822052,-0.15624304115772247,2.8692662715911865
369,1668487130.4771593,1180800,0.2580213248729706,2.8183114528656006,-0.14283487200737,4.20368766784668,-0.15624304115772247,2.8692662715911865
370,1668487131.3590493,1184000,0.2580213248729706,2.8183114528656006,-0.14283487200737,4.20368766784668,-0.16959702968597412,4.410384178161621
371,1668487132.0221314,1187200,0.2729649245738983,4.498128890991211,-0.14283487200737,4.20368766784668,-0.16959702968597412,4.410384178161621
372,1668487135.325568,1190400,0.2729649245738983,4.498128890991211,-0.1559744030237198,3.291428804397583,-0.16959702968597412,4.410384178161621
373,1668487135.8931222,1193600,0.2729649245738983,4.498128890991211,-0.1559744030237198,3.291428804397583,-0.18362152576446533,3.136359930038452
374,1668487136.6744337,1196800,0.2857149541378021,3.3204708099365234,-0.1559744030237198,3.291428804397583,-0.18362152576446533,3.136359930038452
375,1668487140.170753,1200000,0.2857149541378021,3.3204708099365234,-0.16853120923042297,3.6296143531799316,-0.18362152576446533,3.136359930038452
376,1668487140.7049382,1203200,0.2857149541378021,3.3204708099365234,-0.16853120923042297,3.6296143531799316,-0.19455385208129883,3.3942322731018066
377,1668487141.2717223,1206400,0.29679861664772034,3.195873737335205,-0.16853120923042297,3.6296143531799316,-0.19455385208129883,3.3942322731018066
378,1668487145.129434,1209600,0.29679861664772034,3.195873737335205,-0.1820005476474762,2.733962297439575,-0.19455385208129883,3.3942322731018066
379,1668487145.4672105,1212800,0.29679861664772034,3.195873737335205,-0.1820005476474762,2.733962297439575,-0.2094348967075348,2.6789824962615967
380,1668487145.8937051,1216000,0.31120502948760986,2.6976234912872314,-0.1820005476474762,2.733962297439575,-0.2094348967075348,2.6789824962615967
381,1668487150.0684085,1219200,0.31120502948760986,2.6976234912872314,-0.19739097356796265,2.9275498390197754,-0.2094348967075348,2.6789824962615967
382,1668487150.3573656,1222400,0.31120502948760986,2.6976234912872314,-0.19739097356796265,2.9275498390197754,-0.2244691103696823,2.818375825881958
383,1668487150.4708836,1225600,0.32680389285087585,2.6320364475250244,-0.19739097356796265,2.9275498390197754,-0.2244691103696823,2.818375825881958
384,1668487155.0477755,1228800,0.3397967517375946,2.5566205978393555,-0.19739097356796265,2.9275498390197754,-0.2244691103696823,2.818375825881958
385,1668487155.2257357,1232000,0.3397967517375946,2.5566205978393555,-0.21017798781394958,2.653543472290039,-0.2244691103696823,2.818375825881958
386,1668487155.3386037,1235200,0.3397967517375946,2.5566205978393555,-0.21017798781394958,2.653543472290039,-0.23705251514911652,2.587294578552246
387,1668487159.8824465,1238400,0.35422003269195557,2.7923684120178223,-0.21017798781394958,2.653543472290039,-0.23705251514911652,2.587294578552246
388,1668487160.0234144,1241600,0.35422003269195557,2.7923684120178223,-0.21017798781394958,2.653543472290039,-0.2511202096939087,2.813912868499756
389,1668487160.2412417,1244800,0.35422003269195557,2.7923684120178223,-0.22416940331459045,2.775552272796631,-0.2511202096939087,2.813912868499756
390,1668487164.5372682,1248000,0.3666774034500122,2.7727813720703125,-0.22416940331459045,2.775552272796631,-0.2511202096939087,2.813912868499756
391,1668487165.079309,1251200,0.3666774034500122,2.7727813720703125,-0.22416940331459045,2.775552272796631,-0.2636995017528534,2.710732936859131
392,1668487165.5032723,1254400,0.3666774034500122,2.7727813720703125,-0.23701097071170807,2.9422857761383057,-0.2636995017528534,2.710732936859131
393,1668487169.324755,1257600,0.38305920362472534,2.8845813274383545,-0.23701097071170807,2.9422857761383057,-0.2636995017528534,2.710732936859131
394,1668487169.7992897,1260800,0.38305920362472534,2.8845813274383545,-0.23701097071170807,2.9422857761383057,-0.2804465591907501,2.904762029647827
395,1668487170.4311543,1264000,0.38305920362472534,2.8845813274383545,-0.2538565397262573,2.7966108322143555,-0.2804465591907501,2.904762029647827
396,1668487174.4299264,1267200,0.39549124240875244,2.5916635990142822,-0.2538565397262573,2.7966108322143555,-0.2804465591907501,2.904762029647827
397,1668487175.0641468,1270400,0.39549124240875244,2.5916635990142822,-0.2538565397262573,2.7966108322143555,-0.29461923241615295,2.500131607055664
398,1668487175.9221563,1273600,0.39549124240875244,2.5916635990142822,-0.26643630862236023,2.5612757205963135,-0.29461923241615295,2.500131607055664
399,1668487179.1891096,1276800,0.4081583321094513,2.4392309188842773,-0.26643630862236023,2.5612757205963135,-0.29461923241615295,2.500131607055664
400,1668487180.2386177,1280000,0.4081583321094513,2.4392309188842773,-0.26643630862236023,2.5612757205963135,-0.3096388280391693,2.4916467666625977
401,1668487181.151519,1283200,0.4081583321094513,2.4392309188842773,-0.28242337703704834,2.659381151199341,-0.3096388280391693,2.4916467666625977
402,1668487184.330815,1286400,0.41838207840919495,3.5034008026123047,-0.28242337703704834,2.659381151199341,-0.3096388280391693,2.4916467666625977
403,1668487185.3492212,1289600,0.41838207840919495,3.5034008026123047,-0.28242337703704834,2.659381151199341,-0.3230856657028198,3.5596673488616943
404,1668487186.452435,1292800,0.41838207840919495,3.5034008026123047,-0.29545271396636963,3.605959892272949,-0.3230856657028198,3.5596673488616943
405,1668487188.986765,1296000,0.42815929651260376,2.5761523246765137,-0.29545271396636963,3.605959892272949,-0.3230856657028198,3.5596673488616943
406,1668487190.2143102,1299200,0.42815929651260376,2.5761523246765137,-0.29545271396636963,3.605959892272949,-0.3377847373485565,2.571758985519409
407,1668487191.534166,1302400,0.42815929651260376,2.5761523246765137,-0.31130844354629517,2.6349642276763916,-0.3377847373485565,2.571758985519409
408,1668487193.6986556,1305600,0.43519073724746704,2.410527467727661,-0.31130844354629517,2.6349642276763916,-0.3377847373485565,2.571758985519409
409,1668487194.7587948,1308800,0.43519073724746704,2.410527467727661,-0.31130844354629517,2.6349642276763916,-0.3520476222038269,2.4762377738952637
410,1668487196.2140882,1312000,0.43519073724746704,2.410527467727661,-0.32560020685195923,2.9662766456604004,-0.3520476222038269,2.4762377738952637
411,1668487197.9449747,1315200,0.4382915198802948,2.7721405029296875,-0.32560020685195923,2.9662766456604004,-0.3520476222038269,2.4762377738952637
412,1668487199.5113475,1318400,0.4382915198802948,2.7721405029296875,-0.32560020685195923,2.9662766456604004,-0.3665112257003784,3.5340051651000977
413,1668487201.1351578,1321600,0.4382915198802948,2.7721405029296875,-0.34170952439308167,3.6667511463165283,-0.3665112257003784,3.5340051651000977
414,1668487202.4368908,1324800,0.4362882375717163,3.678621292114258,-0.34170952439308167,3.6667511463165283,-0.3665112257003784,3.5340051651000977
415,1668487204.0904558,1328000,0.4362882375717163,3.678621292114258,-0.34170952439308167,3.6667511463165283,-0.3794551193714142,2.6789133548736572
416,1668487205.778043,1331200,0.4362882375717163,3.678621292114258,-0.3559245765209198,2.9184329509735107,-0.3794551193714142,2.6789133548736572
417,1668487206.9349287,1334400,0.42819249629974365,2.7310826778411865,-0.3559245765209198,2.9184329509735107,-0.3794551193714142,2.6789133548736572
418,1668487208.7715704,1337600,0.42819249629974365,2.7310826778411865,-0.3559245765209198,2.9184329509735107,-0.3912683129310608,2.8064825534820557
419,1668487210.713109,1340800,0.42819249629974365,2.7310826778411865,-0.36904650926589966,2.6582772731781006,-0.3912683129310608,2.8064825534820557
420,1668487211.5563624,1344000,0.417568564414978,2.4110076427459717,-0.36904650926589966,2.6582772731781006,-0.3912683129310608,2.8064825534820557
421,1668487213.6108007,1347200,0.417568564414978,2.4110076427459717,-0.36904650926589966,2.6582772731781006,-0.40048521757125854,2.686746120452881
422,1668487215.819281,1350400,0.417568564414978,2.4110076427459717,-0.3804408013820648,2.761164903640747,-0.40048521757125854,2.686746120452881
423,1668487216.3165102,1353600,0.4054412841796875,2.8044464588165283,-0.3804408013820648,2.761164903640747,-0.40048521757125854,2.686746120452881
424,1668487218.393947,1356800,0.4054412841796875,2.8044464588165283,-0.3804408013820648,2.761164903640747,-0.4067712128162384,2.5418121814727783
425,1668487220.7958736,1360000,0.3975714147090912,2.150758743286133,-0.3804408013820648,2.761164903640747,-0.4067712128162384,2.5418121814727783
426,1668487220.8912785,1363200,0.3975714147090912,2.150758743286133,-0.3910057842731476,2.6563832759857178,-0.4067712128162384,2.5418121814727783
427,1668487223.2995052,1366400,0.3975714147090912,2.150758743286133,-0.3910057842731476,2.6563832759857178,-0.40937724709510803,2.520294189453125
428,1668487225.5259316,1369600,0.389718234539032,2.9158172607421875,-0.3910057842731476,2.6563832759857178,-0.40937724709510803,2.520294189453125
429,1668487225.859189,1372800,0.389718234539032,2.9158172607421875,-0.40181446075439453,3.219708204269409,-0.40937724709510803,2.520294189453125
430,1668487242.2406712,1376000,0.389718234539032,2.9158172607421875,-0.40181446075439453,3.219708204269409,-0.4082305133342743,3.406471014022827
431,1668487242.3228319,1379200,0.3802887797355652,3.1901793479919434,-0.40181446075439453,3.219708204269409,-0.4082305133342743,3.406471014022827
432,1668487242.3836489,1382400,0.3802887797355652,3.1901793479919434,-0.4076785743236542,3.2773244380950928,-0.4082305133342743,3.406471014022827
433,1668487243.4214966,1385600,0.3802887797355652,3.1901793479919434,-0.4076785743236542,3.2773244380950928,-0.3968623876571655,2.689054012298584
434,1668487245.3731973,1388800,0.3699288070201874,2.1877684593200684,-0.4076785743236542,3.2773244380950928,-0.3968623876571655,2.689054012298584
435,1668487246.4019754,1392000,0.3699288070201874,2.1877684593200684,-0.4062303304672241,2.8310463428497314,-0.3968623876571655,2.689054012298584
436,1668487248.7128308,1395200,0.3699288070201874,2.1877684593200684,-0.4062303304672241,2.8310463428497314,-0.38761967420578003,2.996920108795166
437,1668487250.3963513,1398400,0.3607969582080841,2.8841021060943604,-0.4062303304672241,2.8310463428497314,-0.38761967420578003,2.996920108795166
438,1668487251.6923907,1401600,0.3607969582080841,2.8841021060943604,-0.4014045298099518,3.0575592517852783,-0.38761967420578003,2.996920108795166
439,1668487253.5952988,1404800,0.3607969582080841,2.8841021060943604,-0.4014045298099518,3.0575592517852783,-0.37738147377967834,2.8092727661132812
440,1668487255.0490112,1408000,0.3510446548461914,2.6032838821411133,-0.4014045298099518,3.0575592517852783,-0.37738147377967834,2.8092727661132812
441,1668487256.914898,1411200,0.3510446548461914,2.6032838821411133,-0.3928700387477875,2.7034475803375244,-0.37738147377967834,2.8092727661132812
442,1668487258.3467069,1414400,0.3510446548461914,2.6032838821411133,-0.3928700387477875,2.7034475803375244,-0.369915246963501,2.1767172813415527
443,1668487259.5496397,1417600,0.34313952922821045,2.173241376876831,-0.3928700387477875,2.7034475803375244,-0.369915246963501,2.1767172813415527
444,1668487261.6298392,1420800,0.34313952922821045,2.173241376876831,-0.3838742971420288,2.2502100467681885,-0.369915246963501,2.1767172813415527
445,1668487262.8535275,1424000,0.34313952922821045,2.173241376876831,-0.3838742971420288,2.2502100467681885,-0.3624722957611084,2.3114962577819824
446,1668487264.0666165,1427200,0.33313074707984924,2.853118896484375,-0.3838742971420288,2.2502100467681885,-0.3624722957611084,2.3114962577819824
